Vocabulary,P(word|PA2)
1030,0.00205761316872428
2*(size,0.00411522633744856
2024,0.00411522633744856
5-fold,0.00411522633744856
able,0.00205761316872428
algorithm,0.00205761316872428
analysis,0.00205761316872428
analyze,0.00411522633744856
and/or,0.00205761316872428
apply,0.00205761316872428
artificial,0.00411522633744856
aside,0.00411522633744856
aspects,0.00411522633744856
assigning,0.00205761316872428
assignment,0.00823045267489712
attribute,0.00205761316872428
available,0.00205761316872428
based,0.00205761316872428
basic,0.00205761316872428
bayes,0.00411522633744856
been,0.00411522633744856
binary,0.0102880658436214
black-boxed,0.00411522633744856
cannot,0.00411522633744856
categorical,0.006172839506172839
certain,0.00411522633744856
choose,0.00411522633744856
classes,0.012345679012345678
classification,0.018518518518518517
classifier,0.006172839506172839
code,0.00205761316872428
communicate,0.00205761316872428
compare,0.00411522633744856
comparison,0.00411522633744856
compressive,0.00205761316872428
concrete,0.00205761316872428
consists,0.00411522633744856
contain,0.00411522633744856
control,0.00411522633744856
copy,0.00205761316872428
cross-validation,0.006172839506172839
cse514,0.00411522633744856
data,0.00823045267489712
dataset,0.01646090534979424
datasets,0.00411522633744856
decision,0.00411522633744856
default,0.00411522633744856
descent,0.00205761316872428
difference,0.00205761316872428
different,0.00823045267489712
dimension,0.00823045267489712
discuss,0.00205761316872428
done,0.006172839506172839
each,0.012345679012345678
either,0.00205761316872428
enhance,0.00205761316872428
enough,0.00411522633744856
error,0.00205761316872428
example,0.00411522633744856
experience,0.00411522633744856
f(x),0.00205761316872428
fall,0.00411522633744856
feature,0.006172839506172839
features,0.006172839506172839
final,0.00411522633744856
find,0.006172839506172839
fitting,0.00411522633744856
following,0.00411522633744856
forest,0.00411522633744856
from,0.006172839506172839
function,0.00205761316872428
functions,0.00205761316872428
give,0.00411522633744856
gives,0.00205761316872428
gradient,0.00205761316872428
group),0.00411522633744856
groups,0.00411522633744856
half,0.00411522633744856
hands-on,0.00411522633744856
have,0.00411522633744856
here,0.00411522633744856
however,0.00411522633744856
https//archiveicsuciedu/ml/datasets/,0.00411522633744856
https//archiveicsuciedu/ml/datasets/concrete+compressive+strength,0.00205761316872428
hyperparameter,0.0102880658436214
hyperparameters,0.00411522633744856
hyperparmeter,0.00411522633744856
ideal,0.00411522633744856
implement,0.00411522633744856
implementations,0.00205761316872428
implemented,0.00205761316872428
important,0.00411522633744856
improves,0.00205761316872428
including,0.00411522633744856
independent,0.00205761316872428
individual,0.00205761316872428
individuals,0.00411522633744856
input,0.00205761316872428
instances,0.00205761316872428
internally,0.00411522633744856
into,0.006172839506172839
k-nearest,0.00411522633744856
keep,0.00205761316872428
kernel),0.00411522633744856
knn),0.00411522633744856
labels,0.00411522633744856
learn,0.00205761316872428
least,0.0102880658436214
lecture,0.00205761316872428
length,0.00205761316872428
like,0.00411522633744856
linear,0.00205761316872428
loss,0.00205761316872428
many,0.00205761316872428
math,0.00205761316872428
matrix,0.00205761316872428
mean,0.00205761316872428
means,0.00411522633744856
method,0.00205761316872428
methods,0.00411522633744856
might,0.00411522633744856
model,0.01646090534979424
models,0.0102880658436214
multi-dimensional,0.00205761316872428
multi-variate,0.00205761316872428
multi-variate),0.00205761316872428
multiple,0.006172839506172839
multivariate,0.00205761316872428
must,0.0102880658436214
mx+b,0.00205761316872428
nave,0.00411522633744856
need,0.006172839506172839
neighbors,0.006172839506172839
network,0.00411522633744856
neural,0.00411522633744856
never,0.00205761316872428
normalizing,0.00205761316872428
number,0.00411522633744856
numerical,0.00823045267489712
numpy,0.00205761316872428
objective,0.00205761316872428
once,0.00411522633744856
only,0.00205761316872428
optimization,0.00205761316872428
optimizes,0.00411522633744856
optimizing,0.00205761316872428
option,0.006172839506172839
options,0.006172839506172839
other,0.00205761316872428
over,0.00411522633744856
p-values,0.00205761316872428
package,0.00411522633744856
packages/libraries/code-bases,0.00411522633744856
pairs,0.00411522633744856
parameter,0.00205761316872428
parameters,0.00411522633744856
pick,0.00823045267489712
plus,0.00205761316872428
populations,0.00411522633744856
practice,0.00205761316872428
pre-process,0.00205761316872428
pre-processed,0.00205761316872428
pre-processing,0.00205761316872428
predict,0.00205761316872428
predictor,0.00205761316872428
preprocessing,0.00411522633744856
problem,0.0102880658436214
problems,0.00411522633744856
processed,0.00411522633744856
programming,0.00823045267489712
project,0.0102880658436214
random,0.00411522633744856
randomly,0.00205761316872428
re-fit,0.00205761316872428
reduce,0.00411522633744856
reduced,0.00411522633744856
reduction,0.00823045267489712
refer,0.00411522633744856
regression,0.00205761316872428
relevant,0.00411522633744856
report,0.00411522633744856
repository,0.00411522633744856
requires,0.00411522633744856
response,0.006172839506172839
results,0.00411522633744856
retrain,0.00411522633744856
samples,0.0102880658436214
scikit-learn),0.00205761316872428
select,0.00411522633744856
selected,0.00205761316872428
selection,0.00411522633744856
separately,0.00411522633744856
series,0.00411522633744856
should,0.00411522633744856
single,0.00205761316872428
some,0.00411522633744856
split,0.00411522633744856
squared,0.00205761316872428
standardization,0.00205761316872428
standardizing,0.00205761316872428
strength,0.00205761316872428
submitted,0.00205761316872428
test,0.006172839506172839
testing,0.00411522633744856
that,0.012345679012345678
then,0.00205761316872428
there,0.00205761316872428
these,0.00411522633744856
this,0.012345679012345678
three,0.006172839506172839
through,0.00205761316872428
topic,0.00411522633744856
train,0.00411522633744856
trained,0.00205761316872428
training,0.00205761316872428
trains,0.00411522633744856
tree,0.00411522633744856
tune,0.00411522633744856
tuning,0.006172839506172839
type,0.00411522633744856
typically,0.00205761316872428
understanding,0.00205761316872428
univariate,0.00205761316872428
updated,0.00205761316872428
used,0.00411522633744856
using,0.006172839506172839
validation,0.00411522633744856
value,0.00411522633744856
values,0.0102880658436214
variable,0.00411522633744856
vector,0.00205761316872428
where,0.00205761316872428
which,0.00411522633744856
will,0.00411522633744856
with,0.00411522633744856
work,0.00411522633744856
your,0.012345679012345678
yourself,0.00205761316872428
